地區,糧別,年代,1月,,2月,,3月,,4月,,5月,,6月,,7月,,8月,,9月,,10月,,11月,,12月
,,,低價,高價,低價,高價,低價,高價,低價,高價,低價,高價,低價,高價,低價,高價,低價,高價,低價,高價,低價,高價,低價,高價,低價,高價
安徽,中米、次米、次白米、中白米,1738,,,,,,,,,,,,,,,,,100.3077,132.3077,106.3077,137.9231,112.3077,145.5385,117.5385,150.3846,
安徽,中米、次米、次白米、中白米,1739,122.3077,157.6923,123.8462,161.9231,123.2308,159.3846,120.6154,154.4615,,,,,,,,,116.6154,151.5385,
安徽,中米、次米、次白米、中白米,1740,,,,,,,,,,,110.9231,132.5385,111.9231,133.6923,97.0769,122.6154,96.3077,121.1538,94.6154,118.0000,94.9231,117.8462,95.0769,118.3846,
安徽,中米、次米、次白米、中白米,1741,95.2308,118.2308,96.7692,118.6154,97.6154,118.8462,98.8462,118.5385,99.3077,124.3846,99.7692,124.9231,98.8462,121.8462,96.9231,119.9231,,,95.3077,121.1538,
安徽,中米、次米、次白米、中白米,1742,,,,,,,,,104.5385,133.6154,107.5385,136.2308,112.3846,139.6923,107.2857,149.4286,114.1538,148.0000,115.8462,148.0769,119.6154,146.6923,120.4615,148.2308,
安徽,中米、次米、次白米、中白米,1743,121.6923,148.8462,123.1538,151.1538,126.3077,155.6154,,,130.8462,158.4615,132.7692,159.9231,133.8462,161.7692,130.0000,160.0000,123.2308,151.2308,121.0000,144.5385,121.3077,143.6154,121.1538,144.1538,
安徽,中米、次米、次白米、中白米,1744,122.0769,143.9231,122.5385,144.1538,122.4615,144.2308,122.5385,143.6923,122.3846,142.4615,119.6154,139.3846,118.3077,138.0000,116.0000,137.5385,117.0769,137.2308,115.5385,136.1538,113.3077,133.6154,111.8462,130.4615,
安徽,中米、次米、次白米、中白米,1745,110.6923,131.3846,109.9231,131.5385,109.8462,130.3846,110.1538,129.8462,110.5385,129.8462,109.0000,130.3846,110.0769,132.2308,108.7692,131.0769,107.3846,129.1538,101.9231,126.0000,100.7692,125.0000,101.1538,124.3846,
安徽,中米、次米、次白米、中白米,1746,101.2308,124.6154,101.4615,123.8462,102.5385,122.6154,103.0000,122.9231,103.6923,122.9231,105.6154,124.6154,106.4615,125.0000,105.9231,124.3077,103.2308,124.2308,102.4615,123.6154,103.2308,123.3846,105.3077,125.5385,
安徽,中米、次米、次白米、中白米,1747,110.2308,128.9231,114.5385,131.6923,115.6923,134.0000,115.6923,134.7692,115.5385,134.4615,115.3846,134.7692,115.0909,136.6364,115.6154,136.4615,115.0769,140.0769,115.7692,146.6154,119.6923,148.2308,123.6923,151.9231,
安徽,中米、次米、次白米、中白米,1748,125.4615,156.2308,125.3846,157.6154,127.3846,159.3077,128.6923,158.3077,131.7692,159.2308,142.0769,175.1538,146.9231,184.6154,144.3846,183.0769,135.8462,175.1538,131.2308,165.9231,129.7692,159.0000,130.7692,158.6154,
安徽,中米、次米、次白米、中白米,1749,132.0769,160.5385,134.5385,163.0000,138.7692,166.0769,143.5385,171.6154,142.6923,169.5385,135.3077,162.2308,128.4615,156.6154,122.3077,150.1538,118.5385,145.9231,118.9231,144.5385,120.6154,143.7692,122.0000,151.3077,
安徽,中米、次米、次白米、中白米,1750,122.5385,147.9231,123.0000,146.4615,123.0769,146.4615,121.3077,144.8462,119.6923,142.0769,116.3846,139.2308,132.6667,173.3333,115.0000,143.3846,113.6923,142.0000,114.9231,140.0769,117.9231,140.4615,115.5385,139.9231,
安徽,中米、次米、次白米、中白米,1751,,,,,,,,,127.9231,151.3077,138.0769,164.6923,146.3077,176.8462,151.4615,182.6923,144.7000,183.7000,143.6923,178.5385,145.3846,177.4615,149.0000,176.9231,
安徽,中米、次米、次白米、中白米,1752,152.7692,180.9231,156.9231,189.4615,162.6923,199.1538,170.0000,204.3846,172.0769,205.6154,171.1538,206.0769,165.0000,199.0000,163.0000,193.8462,156.1538,184.8462,151.4615,181.6923,149.0769,179.6154,147.3846,176.3077,
安徽,中米、次米、次白米、中白米,1753,147.7692,174.9231,148.0000,175.6154,148.5385,175.2308,148.3077,174.0000,146.0000,172.8462,140.0769,166.4615,137.7692,165.8462,137.3077,166.3077,133.9231,164.0000,130.6154,162.3077,135.3077,165.4615,135.3077,166.2308,
安徽,中米、次米、次白米、中白米,1754,135.3846,165.9231,135.5385,166.1538,135.6923,165.0769,135.3077,164.7692,136.3077,164.1538,136.6154,163.6154,136.1538,163.6154,133.9231,162.5385,128.8462,156.4615,122.6923,149.5385,120.6154,145.7692,119.7692,144.0000,
安徽,中米、次米、次白米、中白米,1755,119.0000,143.8462,118.1538,143.6923,118.1538,143.6923,126.2500,159.5000,126.2500,159.5000,125.4615,149.1538,,,,,,,,,142.0769,175.2308,153.6923,191.0769,
安徽,中米、次米、次白米、中白米,1756,161.4615,196.2308,163.6923,203.6923,176.8462,210.6154,180.2308,219.5385,190.3846,230.4615,188.8462,225.7692,187.1538,223.7692,177.0769,216.2308,152.7692,195.8462,138.3846,171.5385,134.1538,160.0000,135.4615,160.0000,
安徽,中米、次米、次白米、中白米,1757,136.5385,161.8462,,,,,,,140.9231,166.8462,140.1538,164.6154,137.0769,161.4615,134.9231,160.0000,124.5385,153.2308,125.6923,152.1538,128.4615,153.6923,131.1538,160.0000,
安徽,中米、次米、次白米、中白米,1758,134.6923,164.4615,138.1538,165.0769,139.1538,164.5385,138.8462,166.3077,136.3077,164.5385,135.3077,159.0769,132.6154,153.0000,129.8462,152.4615,126.2308,147.0769,125.6923,148.0000,127.0769,151.6154,130.0769,152.0000,
安徽,中米、次米、次白米、中白米,1759,131.1538,153.1538,131.0769,153.7692,131.4615,154.2308,132.3077,151.4615,131.6154,150.8462,130.2308,150.6154,129.6154,148.3077,130.2308,148.8462,128.7692,148.8462,127.9231,152.3846,133.0000,160.5385,139.6154,168.0769,
安徽,中米、次米、次白米、中白米,1760,146.0769,173.6154,149.3077,176.8462,149.3846,176.3846,148.2308,173.2308,145.6923,170.3077,145.5385,168.3077,147.3846,169.7692,147.1538,170.9231,143.2308,167.3846,139.6154,163.3846,134.8462,159.5385,131.6154,157.6154,
安徽,中米、次米、次白米、中白米,1761,131.7692,157.2308,130.8462,155.3846,131.0769,154.4615,130.6923,155.0000,131.9231,156.0769,131.3077,156.7692,131.6923,157.0000,131.4615,157.8462,130.0000,156.4615,129.3846,155.4615,128.5385,155.6154,126.0000,152.9231,
安徽,中米、次米、次白米、中白米,1762,126.2308,151.1538,125.4615,150.5385,,,128.6154,157.2308,132.8462,160.3846,136.0769,160.3077,136.3846,160.6923,136.8462,160.9231,135.8462,159.0769,134.1538,157.4615,134.0769,158.0000,134.0769,158.0769,
安徽,中米、次米、次白米、中白米,1763,134.2308,157.3077,134.3846,156.9231,134.6923,157.9231,135.4615,159.6923,136.6154,160.9231,137.6154,161.3846,134.6154,157.3846,132.3077,154.5385,130.2308,153.4615,129.2308,152.3077,128.7692,151.2308,128.6154,150.3077,
安徽,中米、次米、次白米、中白米,1764,129.3846,151.0769,130.8462,151.8462,132.5385,151.9231,132.5385,153.5385,135.0000,154.9231,135.6154,157.3846,139.6154,159.6923,142.1538,161.3846,141.3077,162.7692,139.1538,160.4615,138.3077,158.8462,138.3846,158.5385,
安徽,中米、次米、次白米、中白米,1765,138.7692,158.6923,140.0000,160.0000,144.1538,163.4615,148.1538,167.0000,149.3077,168.1538,151.3077,170.0000,153.1538,173.3077,152.5385,173.3846,145.9231,170.0000,139.9231,164.6923,137.3846,160.8462,136.7692,159.1538,
安徽,中米、次米、次白米、中白米,1766,136.9231,159.1538,138.6923,162.1538,144.4615,165.4615,148.0000,166.5385,148.5385,167.6923,147.4615,167.0769,147.2308,167.3846,144.6154,167.4615,141.1538,166.5385,138.1538,170.3846,138.5385,161.8462,139.7692,161.7692,
安徽,中米、次米、次白米、中白米,1767,141.3077,163.3846,142.0769,163.0769,142.8462,164.7692,143.2308,165.8462,141.5385,165.0769,139.6154,164.0000,139.4615,163.4615,140.1538,163.9231,141.6154,163.5385,141.7692,162.1538,142.9231,162.0000,144.5385,162.9231,
安徽,中米、次米、次白米、中白米,1768,145.1538,163.5385,145.7692,164.0769,145.9231,165.4615,145.4615,166.3846,146.3077,165.8462,146.3077,165.3846,148.5385,167.3077,150.2308,168.7692,150.3077,174.6154,149.9231,175.3077,150.5385,178.2308,152.1538,180.9231,
安徽,中米、次米、次白米、中白米,1769,153.4615,183.3846,,,,,157.3077,179.7692,157.9231,179.3077,157.2727,181.6364,159.6923,181.3846,160.3077,184.0000,157.2308,182.5385,153.4615,181.3077,154.9231,180.3077,155.6154,181.0000,
安徽,中米、次米、次白米、中白米,1770,156.1538,181.4615,157.9231,183.1538,159.4615,186.6154,,,161.5385,186.3077,159.5385,183.4615,,,150.3077,178.7692,147.5385,176.3846,141.6154,170.6923,138.0000,166.7692,136.4615,164.9231,
安徽,中米、次米、次白米、中白米,1771,135.4615,164.0000,135.0769,163.0000,134.9231,163.3846,134.3846,163.0769,132.9231,161.1538,132.0769,160.2308,132.2308,159.6923,130.6154,155.5385,126.3077,151.5385,122.8462,150.1538,121.7692,148.2308,122.8462,148.2308,
安徽,中米、次米、次白米、中白米,1772,123.6154,149.0769,125.3846,149.7692,125.3846,150.3077,125.3846,150.7692,124.6923,151.6154,123.5385,151.7692,122.5385,150.6923,121.6154,148.6154,119.3846,146.3846,118.3846,144.5385,120.5385,144.1538,120.9231,142.3846,
安徽,中米、次米、次白米、中白米,1773,121.6154,142.6923,121.7692,142.6923,121.6923,142.6923,120.6154,142.6923,119.4615,142.5385,118.9231,142.3846,119.2308,142.7692,119.4615,142.9231,118.4615,143.4615,117.6154,142.4615,116.1538,142.0000,114.9231,143.0769,
安徽,中米、次米、次白米、中白米,1774,114.6923,143.6923,115.1538,143.3077,117.0769,143.6923,121.3077,145.5385,122.8462,146.3077,121.5385,146.4615,122.0769,147.8462,123.4615,148.2308,123.4615,149.7692,127.3077,154.6154,132.1538,163.9231,137.2308,171.3846,
安徽,中米、次米、次白米、中白米,1775,138.1538,171.6154,139.5385,173.3077,139.1538,172.7692,140.5385,171.9231,139.4615,169.3077,140.2308,171.1538,141.9231,172.6154,144.0000,174.3077,149.6154,181.4615,154.3846,187.3846,156.7692,191.4615,158.9231,192.5385,
安徽,中米、次米、次白米、中白米,1776,159.6923,192.0769,159.6154,191.6154,158.0000,190.3077,156.0000,190.3846,155.3846,189.5385,155.1538,187.3077,154.8462,185.6923,151.3846,182.5385,146.9231,178.4615,143.0000,173.9231,141.3077,172.9231,141.1538,173.3077,
安徽,中米、次米、次白米、中白米,1777,140.8462,172.1538,140.3846,171.6154,139.6923,171.9231,139.4615,171.1538,138.6154,170.9231,136.2308,169.3846,136.1538,168.5385,137.3077,166.7692,132.3846,163.8462,130.0769,161.1538,129.3846,159.0000,128.7692,158.0769,
安徽,中米、次米、次白米、中白米,1778,129.3077,159.4615,130.6154,160.3846,131.4615,162.1538,132.5385,163.0000,134.0769,163.0769,135.5385,164.3077,137.6154,168.4615,141.0000,175.7692,142.4615,178.6154,144.3077,183.6154,146.8462,190.6154,150.8462,199.3846,
安徽,中米、次米、次白米、中白米,1779,157.9231,203.3077,165.0000,208.6154,172.4615,213.3077,172.6923,211.2308,165.6923,203.3846,162.3077,198.4615,161.6923,197.6154,160.2308,196.5385,158.0000,191.1538,156.7692,187.3846,155.6154,188.6923,156.1538,188.0000,
安徽,中米、次米、次白米、中白米,1780,156.3846,188.0000,156.3077,186.1538,156.1538,185.9231,,,157.3077,183.8462,155.1538,182.7692,154.4615,182.3077,151.8462,180.6154,147.5385,177.4615,142.9231,173.8462,141.3846,174.3077,142.3846,176.0769,
安徽,中米、次米、次白米、中白米,1781,143.1538,178.6154,143.7692,174.7692,,,143.4615,174.5385,143.7692,173.8462,144.0769,172.6154,144.3846,171.6923,143.8462,171.0769,143.0000,172.1538,142.6154,173.3846,142.2308,173.8462,143.3846,175.6154,
安徽,中米、次米、次白米、中白米,1782,144.4615,176.9231,144.4615,177.4615,145.4615,178.6154,146.3077,179.0000,146.5385,179.1538,147.0000,178.6154,146.4615,177.3077,145.1538,175.3077,143.8462,173.8462,143.5385,177.8462,143.3846,182.5385,141.7692,184.6923,
安徽,中米、次米、次白米、中白米,1783,141.9231,184.6923,142.5385,185.6923,,,143.3077,184.7692,,,146.0769,183.3846,146.5385,184.1538,147.1538,186.9231,146.6923,187.1538,,,147.2308,187.0000,147.2308,187.0000,
安徽,中米、次米、次白米、中白米,1784,147.6923,182.6154,147.6923,182.6154,148.0769,183.2308,148.8462,184.5385,148.8462,185.8462,149.4615,187.9231,150.2308,190.4615,149.8462,190.0000,149.0769,188.6154,148.7692,188.0000,147.8462,191.9231,147.8462,191.9231,
安徽,中米、次米、次白米、中白米,1785,148.5385,191.9231,148.9231,193.4615,150.5385,194.0769,,,,,152.6923,199.0769,157.5385,204.3077,188.6154,235.8462,202.8462,257.2308,218.1538,275.1538,229.7692,271.6154,231.1538,274.9231,
安徽,中米、次米、次白米、中白米,1786,266.9231,303.6154,,,,,263.3077,286.0000,260.2308,283.3846,253.5385,274.7692,,,,,222.3846,242.9231,210.6154,234.3846,205.3077,231.4615,204.9231,228.5385,
安徽,中米、次米、次白米、中白米,1787,204.6154,227.0769,205.2308,228.9231,206.5385,232.6154,204.2308,227.0000,197.7692,215.7692,192.5385,209.0000,189.6154,205.6923,181.5385,200.7692,172.0769,196.0769,165.9231,193.3846,158.8462,191.9231,
安徽,中米、次米、次白米、中白米,1788,156.3846,191.5385,155.1538,190.1538,152.0000,185.0000,,,147.9167,179.8333,147.1538,182.0769,145.6154,179.3077,,,,,141.2308,175.3077,139.0000,173.8462,139.0769,173.8462,
安徽,中米、次米、次白米、中白米,1789,139.3846,173.8462,139.7692,174.3077,142.1538,177.8462,146.0000,181.9231,147.0769,183.0000,
安徽,中米、次米、次白米、中白米,1790,141.6923,183.5385,141.6923,183.0769,141.8462,182.7692,142.1538,182.2308,142.2308,181.8462,,,,,137.7692,171.1538,136.9231,169.4615,136.0769,169.0769,136.2308,168.0769,135.6923,168.6154,
安徽,中米、次米、次白米、中白米,1791,,,,,,,,,,,138.6923,172.8462,
安徽,中米、次米、次白米、中白米,1792,,,,,138.9231,175.2308,,,139.6154,178.4615,139.8462,178.9231,141.5385,181.3077,143.2308,183.6154,,,,,145.0000,187.4615,145.0000,187.4615,
安徽,中米、次米、次白米、中白米,1793,146.6154,189.5385,148.5385,189.9231,150.8462,189.7692,151.5385,189.5385,154.5385,193.3846,154.9231,194.9231,,,,,,,,,,,155.6154,190.7692,
安徽,中米、次米、次白米、中白米,1794,156.5385,190.0000,,,,,,,,,,,,,161.6923,200.6923,156.8462,195.3077,150.6154,189.4615,150.0000,185.0000,150.6154,180.4615,
安徽,中米、次米、次白米、中白米,1795,150.6154,180.4615,148.6923,177.6923,149.4615,178.3846,150.4167,181.2500,,,,,,,152.0769,176.9231,149.9231,174.6923,147.1538,171.3846,146.0769,170.2308,141.7692,164.6923,
安徽,中米、次米、次白米、中白米,1796,141.1538,163.3846,140.9231,162.0769,142.0000,161.1538,142.6923,161.5385,142.3077,162.3077,142.9231,163.4615,141.6923,164.2308,137.3077,161.3846,134.4615,159.1538,131.1538,157.3846,128.6923,155.5385,127.8462,155.2308,
安徽,中米、次米、次白米、中白米,1797,126.6154,154.8462,126.0769,154.8462,126.0769,153.8462,126.2308,153.4615,126.8462,153.2308,126.8462,153.2308,127.8462,154.7692,
安徽,中米、次米、次白米、中白米,1798,,,125.5385,149.0000,126.3846,149.0000,128.4615,149.2308,129.5385,149.1538,130.1538,148.6154,131.2308,148.8462,132.6923,149.8462,133.6154,150.5385,134.0000,150.4615,133.9231,150.6923,133.7692,150.8462,
安徽,中米、次米、次白米、中白米,1799,134.0000,150.6154,134.3077,150.4615,135.0769,150.9231,136.8462,151.4615,138.4615,151.3846,139.2308,151.5385,140.0769,151.8462,140.9231,152.0769,142.0000,153.0769,142.3077,153.3846,141.9231,152.7692,141.5385,152.2308,
安徽,中米、次米、次白米、中白米,1800,141.6154,151.9231,142.3846,151.8462,142.4615,151.7692,143.8462,152.3077,144.5385,153.0769,144.5385,153.0769,145.0000,153.6923,144.8462,153.6923,144.7692,153.9231,144.5385,153.6923,144.0000,153.6154,143.0000,153.3846,
安徽,中米、次米、次白米、中白米,1801,142.6923,153.3077,142.8462,153.9231,143.5385,154.5385,144.3846,155.0769,144.6154,154.9231,143.8462,154.4615,143.4615,154.1538,143.3846,154.1538,143.5385,153.8462,142.5385,153.2308,141.1538,153.0769,140.5385,152.9231,
安徽,中米、次米、次白米、中白米,1802,139.8462,153.0000,138.8462,153.0769,,,139.5385,153.3846,139.5385,153.6923,140.4615,153.6154,141.5385,154.3077,145.7692,156.9231,147.0769,158.6154,147.6923,160.1538,147.5385,160.8462,147.8462,160.7692,
安徽,中米、次米、次白米、中白米,1803,147.7692,160.4615,147.3846,160.0000,,,154.0000,164.4615,156.6923,167.6923,157.9231,169.8462,158.3077,170.9231,157.6154,171.2308,157.7692,173.5385,157.4615,177.2308,157.6923,180.6923,158.2308,182.3077,
安徽,中米、次米、次白米、中白米,1805,,,,,,,,,,,,,307.5000,322.0000,
安徽,中米、次米、次白米、中白米,1806,,,243.3077,308.1538,244.1538,308.8462,246.3846,309.8462,247.4615,309.9231,229.7692,273.5385,229.7692,273.5385,
安徽,中米、次米、次白米、中白米,1807,,,,,,,192.0000,251.6923,,,,,,,,,,,205.5385,252.4615,,,202.0769,247.2308,
安徽,中米、次米、次白米、中白米,1808,207.7692,242.7692,,,,,207.9231,242.8462,,,,,205.5385,249.5385,209.3846,256.5385,210.3077,258.9231,,,212.0769,261.0000,210.8462,260.3846,
安徽,中米、次米、次白米、中白米,1809,209.5385,259.6923,210.0769,261.0000,210.6923,260.9231,212.3846,261.8462,214.6154,265.5385,216.4615,268.0000,217.6154,270.6923,218.0000,272.2308,212.8462,272.5385,208.6154,270.8462,203.6923,269.6923,200.3846,269.7692,
安徽,中米、次米、次白米、中白米,1810,198.8462,260.4615,198.6923,253.8462,197.0769,251.6154,196.8462,250.1538,196.0000,248.5385,196.0769,250.6923,197.1538,248.8462,196.6923,246.2308,195.9231,241.9231,190.5385,238.2308,184.0769,232.4615,180.0769,227.5385,
安徽,中米、次米、次白米、中白米,1811,178.6923,225.0769,179.3077,223.6154,180.8462,224.0000,181.6923,226.7692,185.5385,232.6923,188.1538,235.0769,188.9231,236.2308,191.6154,238.6923,198.3846,246.6154,205.1538,257.1538,206.8462,266.9231,205.7692,275.4615,
安徽,中米、次米、次白米、中白米,1812,206.7692,282.9231,210.1538,289.5385,217.5385,295.2308,223.9231,298.5385,226.6154,300.6154,227.6923,300.7692,226.6154,300.3077,225.9231,296.7692,219.0769,290.2308,213.0769,275.1538,209.8462,261.9231,206.6923,262.6154,
安徽,中米、次米、次白米、中白米,1813,201.6154,258.9231,203.3846,255.7692,203.9231,256.1538,202.7143,245.8571,208.7692,262.1538,209.7692,264.0769,218.1538,270.7692,219.6154,271.3846,217.2308,268.2308,212.6154,271.3846,212.0769,289.6154,209.5385,298.4615,
安徽,中米、次米、次白米、中白米,1814,213.3846,299.4615,217.7692,304.2308,222.0769,309.0769,225.1538,312.3077,228.0769,313.0769,230.7692,312.3846,235.6154,326.0000,256.1538,356.4615,277.6923,387.0000,284.8462,400.2308,284.4615,399.9231,291.2308,398.1538,
安徽,中米、次米、次白米、中白米,1815,,,,,,,,,,,,,,,,,,,,,,,189.0000,366.0000,
安徽,中米、次米、次白米、中白米,1816,220.1538,316.5385,222.8462,312.8462,225.8462,312.5385,235.3846,312.9231,235.7692,312.4615,237.6923,313.0000,240.5385,316.3846,236.5385,315.4615,221.0000,311.1538,201.1538,300.9231,199.3077,287.8462,194.0769,281.0000,
安徽,中米、次米、次白米、中白米,1817,190.3846,278.6923,199.3846,280.3846,209.8462,286.4615,210.0000,289.7692,217.4615,290.9231,214.3846,289.5385,208.4615,286.6154,200.0769,277.6154,187.6154,273.3846,183.2308,269.6923,182.5385,264.6154,179.4615,262.0000,
安徽,中米、次米、次白米、中白米,1818,,,182.8462,264.1538,,,,,,,192.8462,272.3077,191.7692,269.1538,,,190.4615,263.5385,189.5385,260.7692,,,176.8462,261.0000,
安徽,中米、次米、次白米、中白米,1819,,,171.3077,255.3077,173.9231,254.8462,175.8462,255.6154,177.1538,256.6923,178.3077,257.0000,180.5385,256.6923,180.9231,254.3846,177.3846,252.0000,174.6154,256.4615,172.4615,255.3846,168.8462,254.2308,
安徽,中米、次米、次白米、中白米,1820,167.6154,255.0000,169.6923,258.6923,173.3846,260.4615,175.8462,260.1538,177.3846,260.0000,179.7692,259.4615,180.6923,258.5385,181.8333,249.2500,188.0000,252.5833,191.8333,256.4167,188.5833,257.2500,185.5000,255.7500,
安徽,中米、次米、次白米、中白米,1821,185.0000,256.0833,
安徽,中米、次米、次白米、中白米,1825,,,,,,,194.3846,275.8462,194.3846,275.8462,
安徽,中米、次米、次白米、中白米,1826,,,,,,,,,,,,,,,,,,,184.3846,256.9231,184.1538,262.1538,180.9231,264.2308,
安徽,中米、次米、次白米、中白米,1827,181.2308,259.0000,182.0769,260.0000,185.7692,265.9231,185.7692,268.5385,185.7692,270.0769,185.7692,270.8462,185.6923,270.6923,184.6154,269.5385,182.4615,266.8462,179.6154,261.3846,177.2308,257.6154,174.6154,255.8462,
安徽,中米、次米、次白米、中白米,1828,171.8462,251.6923,175.0000,242.3846,174.6923,242.7692,175.3846,244.9231,175.8462,246.9231,174.2308,247.8462,173.6154,247.0000,173.7692,246.5385,
安徽,中米、次米、次白米、中白米,1829,162.3077,235.5385,164.0000,237.2308,165.0769,237.6923,167.4615,240.4615,169.4615,242.5385,170.3846,242.6154,170.3846,244.7692,171.9231,249.1538,,,170.7692,251.6923,169.3077,250.9231,164.2308,247.0000,
安徽,中米、次米、次白米、中白米,1830,166.5385,243.4615,168.7692,242.6923,170.7692,243.9231,173.8462,244.5385,176.0000,245.3077,176.5385,245.8462,179.6154,248.9231,180.3077,249.4615,180.3846,250.4615,178.9231,251.1538,176.2308,250.8462,171.8462,245.0769,
安徽,中米、次米、次白米、中白米,1831,169.3846,241.0000,172.9231,244.9231,176.3077,251.5385,181.8462,260.8462,184.6154,264.7692,193.0769,265.0769,198.3846,274.0000,213.9231,293.4615,227.6154,305.2308,228.0769,313.0000,227.1538,322.5385,223.7692,314.6923,
安徽,中米、次米、次白米、中白米,1832,222.4615,319.6923,227.3077,324.3077,236.2308,330.2308,242.4615,336.3077,242.3846,340.3846,240.6154,340.0769,237.0000,337.0769,234.0769,335.4615,234.0000,332.0769,231.2308,322.3846,223.3077,315.3846,210.1538,314.1538,
安徽,中米、次米、次白米、中白米,1833,201.3846,309.1538,200.6154,307.0000,204.2308,310.2308,205.8462,311.3077,208.1538,315.6154,212.9231,323.0000,217.2308,326.2308,230.6923,327.0000,232.3846,326.0000,233.2308,322.0000,230.6154,322.0769,220.6923,321.3077,
安徽,中米、次米、次白米、中白米,1834,218.1538,327.5385,228.8462,336.5385,231.6154,342.6154,231.0769,343.4615,233.6923,342.1538,232.6923,341.7692,232.2308,340.6923,230.2308,332.9231,225.1538,320.0000,222.3846,307.1538,213.3846,304.6154,
安徽,中米、次米、次白米、中白米,1835,189.9231,284.3077,189.0769,280.3846,187.0000,279.6154,187.6154,277.7692,184.4615,274.1538,186.3077,274.3846,197.6923,278.8462,196.3846,282.8462,198.5385,283.6154,199.2308,281.1538,197.1538,273.6923,190.1538,266.7692,
安徽,中米、次米、次白米、中白米,1836,182.6923,262.3077,183.0769,262.0769,184.5385,264.8462,185.1538,266.4615,187.3077,270.6923,188.2308,270.6923,188.6154,270.2308,186.9231,268.7692,182.1538,260.6154,176.4615,252.6923,170.7692,246.3846,160.3846,238.0769,
安徽,中米、次米、次白米、中白米,1837,156.0769,235.0000,,,159.1538,239.6923,160.4615,240.0000,162.3077,239.4615,162.6154,241.7692,165.2308,242.3846,165.0769,242.2308,162.3077,239.2308,153.3077,233.8462,144.6154,228.1538,141.3846,222.8462,
安徽,中米、次米、次白米、中白米,1838,141.2308,221.5385,143.1538,223.7692,143.6923,224.4615,144.8462,226.6154,146.3846,227.9231,149.0769,229.6923,151.6923,234.1538,151.7692,234.8462,148.6154,230.3846,141.9231,223.3846,138.6154,217.3077,136.7692,211.5385,
安徽,中米、次米、次白米、中白米,1839,134.3077,209.5385,135.1538,211.3077,136.7692,214.4615,138.0000,218.6923,141.6154,221.6154,144.7692,223.0000,149.0769,227.4615,154.0769,234.1538,156.4615,238.5385,155.3846,235.7692,154.2308,237.9231,154.3077,242.6923,
安徽,中米、次米、次白米、中白米,1840,159.2308,248.6154,163.9231,251.0769,166.2308,252.3077,167.1538,253.9231,167.1538,255.0769,166.4615,255.0769,165.6154,255.3846,168.9231,259.3846,172.0000,261.0769,177.0000,259.2308,176.6923,253.3846,169.6154,245.6154,
安徽,中米、次米、次白米、中白米,1841,167.8462,240.6923,171.7692,239.0769,172.6154,239.5385,172.3846,240.7692,173.0769,243.4615,174.0000,248.0000,176.5385,250.3846,180.1538,253.0769,178.4615,255.3846,178.4615,256.3846,177.9231,256.9231,174.2308,256.9231,
安徽,中米、次米、次白米、中白米,1842,173.0000,256.6154,173.1538,257.3846,174.8462,260.0000,181.2308,262.7692,186.5385,263.5385,187.2308,262.6923,188.9231,266.3077,190.0769,266.0769,185.6154,264.8462,174.0000,251.4615,160.6923,248.2308,154.6154,240.7692,
安徽,中米、次米、次白米、中白米,1843,151.9231,237.6923,153.3077,236.2308,154.0769,237.3846,158.6923,236.6154,159.1538,236.6154,159.6923,236.6154,158.3846,236.1538,156.7692,235.0000,153.2308,232.2308,151.5385,227.1538,149.3077,220.7692,144.3077,221.3846,
安徽,中米、次米、次白米、中白米,1844,140.0769,222.1538,140.6154,221.9231,141.3077,221.9231,143.6923,221.9231,146.0000,221.9231,145.2308,221.5385,144.8462,220.7692,145.3077,220.8462,144.9231,220.6923,142.8462,219.0000,140.4615,215.5385,134.0769,214.0000,
安徽,中米、次米、次白米、中白米,1845,131.7692,213.8462,132.6154,213.8462,133.1538,213.8462,132.7692,212.0000,132.5385,211.5385,132.4615,211.5385,131.8462,209.5385,131.3077,208.6154,127.7692,206.6154,124.6923,203.6923,121.9231,198.3077,120.0000,196.1538,
安徽,中米、次米、次白米、中白米,1846,118.5385,195.3846,118.2308,195.5385,116.3846,196.6154,115.0769,197.0000,116.8462,197.7692,117.9231,199.4615,116.6923,199.0769,116.6923,198.3077,116.7692,197.6154,116.8462,195.6923,116.7692,194.0000,116.2308,193.0769,
安徽,中米、次米、次白米、中白米,1847,115.0769,193.2308,116.3077,194.1538,118.1538,196.6154,120.2308,199.3846,123.3846,201.4615,125.5385,202.2308,126.0769,202.9231,125.3846,203.9231,126.8462,204.0769,127.9231,203.6154,127.6923,200.6154,125.9231,199.3077,
安徽,中米、次米、次白米、中白米,1848,124.8462,199.4615,125.5385,199.5385,127.2308,201.2308,127.4615,201.4615,128.0000,202.1538,126.2308,199.5385,125.9231,196.4615,130.9231,201.5385,138.3077,214.4615,142.7692,223.1538,143.0769,229.6923,140.2308,230.3077,
安徽,中米、次米、次白米、中白米,1849,,,141.5385,231.5385,141.7692,231.9231,143.4615,232.2308,145.3846,232.2308,145.9231,232.2308,,,,,,,,,167.0769,252.7692,165.4615,252.7692,
安徽,中米、次米、次白米、中白米,1850,164.4615,252.7692,166.3846,253.4615,170.6154,255.7692,175.0769,259.0769,175.4615,258.2308,171.5385,252.9231,169.7692,249.7692,168.4615,247.8462,164.3077,245.1538,158.1538,236.0769,152.5385,228.9231,143.6923,224.7692,
安徽,中米、次米、次白米、中白米,1851,140.7692,221.6154,143.0769,221.6154,141.8462,222.6923,143.1538,225.0769,144.0000,224.3077,144.2308,223.5385,144.6923,223.5385,145.3077,223.8462,143.6923,223.3077,138.5385,220.7692,134.7692,215.6154,130.3077,213.0769,
安徽,中米、次米、次白米、中白米,1852,126.3077,212.8462,124.9231,212.3077,123.3077,212.8462,123.9231,213.6154,126.1538,213.7692,127.1538,212.1538,127.2308,210.6154,126.3846,209.8462,125.2308,208.5385,124.0000,205.9231,122.3077,203.6923,118.6923,201.7692,
安徽,中米、次米、次白米、中白米,1853,117.8462,200.6923,
安徽,中米、次米、次白米、中白米,1869,,,115.9231,206.3846,116.8462,206.4615,118.7692,206.9231,122.2308,207.0000,124.8462,205.7692,128.1538,208.9231,133.6154,217.6923,137.7692,219.3846,141.0000,218.9231,144.5385,218.6154,149.6923,223.5385,
安徽,中米、次米、次白米、中白米,1870,154.2308,222.5385,157.1538,224.3846,159.7692,229.4615,164.4615,235.0769,164.6923,230.3846,162.5385,230.8462,164.3846,234.3077,158.0769,232.8462,152.3077,226.3846,150.6923,217.2308,146.6154,213.3846,145.5385,213.0769,
安徽,中米、次米、次白米、中白米,1871,147.1538,212.8462,146.8462,212.1538,147.3846,211.9231,147.3846,212.5385,146.0769,214.0769,144.2308,213.3846,142.7692,211.0769,132.6923,210.0000,127.6154,204.0769,119.2308,193.7692,115.8462,183.2308,114.3846,183.4615,
安徽,中米、次米、次白米、中白米,1872,115.1538,185.3077,116.0769,184.9231,117.3846,186.6154,118.2308,189.2308,118.0769,190.0000,117.0000,189.4615,118.0769,190.7692,118.1538,191.2308,115.2308,189.6923,111.2308,184.2308,110.4615,180.7692,112.2308,177.6923,
安徽,中米、次米、次白米、中白米,1873,112.6923,177.5385,112.6923,177.6923,112.6923,179.7692,,,112.8462,182.7692,115.1538,183.5385,118.2308,182.0769,119.4615,183.5385,120.0769,183.6154,121.0769,182.4615,120.4615,182.6154,120.3846,183.0769,
安徽,中米、次米、次白米、中白米,1874,121.5385,185.0769,122.0769,185.9231,123.1538,187.0769,124.2308,188.3846,127.0000,188.3846,126.5385,188.3077,126.0769,188.2308,124.8462,187.4615,121.7692,185.0000,116.9231,181.4615,114.0000,178.3077,113.2308,176.9231,
安徽,中米、次米、次白米、中白米,1875,113.9231,175.8462,114.6923,175.6923,115.0000,176.0000,116.0000,177.0000,116.1538,177.0769,116.7692,178.1538,117.4615,179.3077,117.8462,181.3846,119.6923,186.0000,118.3077,184.7692,118.6923,184.6923,
安徽,中米、次米、次白米、中白米,1876,,,,,,,117.8462,185.0769,119.4615,187.3846,119.0769,188.0000,122.4615,189.9231,126.3846,192.3846,129.9231,194.6154,131.6154,196.6923,132.0000,199.8462,134.3846,203.3077,
安徽,中米、次米、次白米、中白米,1877,137.0769,208.0000,139.3846,216.8462,141.4615,222.3077,143.4615,219.3077,142.9231,214.8462,143.1538,216.7692,146.9231,221.3846,147.4615,222.3077,143.5385,217.8462,138.3077,212.2308,136.5385,211.9231,137.1538,214.1538,
安徽,中米、次米、次白米、中白米,1878,138.0769,215.6923,139.6923,215.0769,142.6923,217.1538,147.6154,222.3846,151.5385,226.5385,155.2308,233.6923,157.0769,237.2308,159.3846,235.2308,152.4615,231.6154,140.8462,226.7692,140.0769,224.3077,139.3077,221.2308,
安徽,中米、次米、次白米、中白米,1879,140.0769,219.1538,140.3846,217.9231,140.6923,219.0000,140.6154,218.5385,140.2308,217.0769,140.3846,217.1538,140.3077,216.6154,138.4615,214.8462,134.6923,210.3077,131.0000,204.4615,127.1538,199.0769,125.2308,195.8462,
安徽,中米、次米、次白米、中白米,1880,124.5385,194.9231,124.3846,195.4615,124.7692,195.6154,125.8462,194.6923,126.9231,194.8462,125.8462,194.9231,125.6923,193.9231,124.6154,193.5385,122.7692,191.9231,115.9231,186.9231,113.8462,183.6154,114.0000,184.4615,
安徽,中米、次米、次白米、中白米,1881,114.0769,185.2308,113.9231,185.8462,114.1538,186.0000,114.2308,187.8462,114.3846,188.3077,115.8462,188.9231,116.3077,188.4615,116.4615,188.0000,114.9231,185.5385,111.6154,181.6154,109.0000,179.6923,108.6923,179.1538,
安徽,中米、次米、次白米、中白米,1882,109.0000,179.3846,108.9231,180.6923,109.6154,181.5385,110.0000,182.6923,110.9231,184.0769,112.8462,184.5385,115.0000,188.0000,119.8462,197.2308,124.3846,201.3077,124.0769,198.5385,122.3077,194.9231,121.8462,194.0769,
安徽,中米、次米、次白米、中白米,1883,121.3077,190.3077,121.0769,189.6923,123.2308,189.7692,124.9231,189.4615,125.4615,191.3846,127.3077,198.2308,127.6923,199.4615,128.2308,198.3077,127.0769,195.2308,123.0769,189.3077,120.1538,185.1538,119.9231,184.3846,
安徽,中米、次米、次白米、中白米,1884,,,121.3846,185.3846,123.0000,188.3077,124.3846,189.6154,123.8462,190.7692,124.0000,192.6154,123.6154,195.6154,123.0000,193.8462,121.9231,191.0769,119.5385,186.8462,116.0769,182.5385,114.6154,181.0769,
安徽,中米、次米、次白米、中白米,1885,114.3846,180.4615,114.2308,181.0000,115.0769,181.4615,117.0000,181.7692,117.5385,182.3846,117.3077,184.1538,118.5385,188.3077,119.6154,191.2308,119.3077,193.0769,118.3077,191.3846,118.7692,190.7692,120.2308,191.3846,
安徽,中米、次米、次白米、中白米,1886,122.6923,192.9231,123.5385,194.2308,124.7692,196.6923,126.1538,200.1538,126.6154,199.8462,128.8462,199.9231,129.8462,201.9231,129.9231,202.0000,128.1538,200.3846,125.8462,194.1538,124.5385,189.0000,124.6154,188.7692,
安徽,中米、次米、次白米、中白米,1887,125.8000,198.1000,124.8462,191.6154,125.0000,192.0769,125.6923,192.0000,126.6923,192.1538,127.1538,193.0769,128.0000,193.2308,128.3846,193.1538,127.5385,192.6154,126.0769,192.4615,125.0769,192.5385,124.6154,192.5385,
安徽,中米、次米、次白米、中白米,1888,,,,,,,,,,,,,,,,,,,,,,,129.9231,195.1538,
安徽,中米、次米、次白米、中白米,1889,129.7692,195.1538,130.5385,195.1538,131.5385,195.1538,131.6923,196.5385,132.8462,197.3846,133.5385,198.0769,133.5385,198.3846,132.5385,197.1538,130.3077,195.1538,128.0000,196.2308,128.3846,198.6154,128.3077,198.5385,
安徽,中米、次米、次白米、中白米,1890,128.4615,198.8462,128.6923,198.2308,128.6923,198.3077,129.0000,198.9231,129.5385,201.5385,130.0769,206.0000,131.2308,208.6923,131.5385,209.8462,131.0769,208.1538,129.4615,204.2308,127.6154,202.9231,125.9231,201.6923,
安徽,中米、次米、次白米、中白米,1891,126.1538,201.2308,126.3077,199.3077,126.5385,198.3846,126.6923,199.6923,126.6923,200.7692,127.1538,203.0769,127.9231,204.3846,127.2308,204.3077,126.9231,202.4615,127.3077,203.3077,123.3846,204.0000,123.6923,204.5385,
安徽,中米、次米、次白米、中白米,1892,124.5385,205.2308,126.0769,204.2308,126.2308,205.4615,127.5385,206.1538,128.7692,207.1538,128.3846,207.0769,128.3846,206.7692,128.4615,206.1538,128.3846,204.8462,127.6154,202.9231,126.0000,202.0000,125.3846,201.3077,
安徽,中米、次米、次白米、中白米,1893,128.3077,203.1538,128.4615,203.5385,128.8462,204.1538,131.0769,205.5385,133.5385,206.3077,134.1538,205.6154,134.3077,205.6154,134.4615,205.6923,133.5385,205.2308,131.4615,202.6154,130.8462,201.3077,130.7692,199.9231,
安徽,中米、次米、次白米、中白米,1894,130.7692,199.4615,130.7692,199.3846,130.7692,199.6154,130.7692,199.3077,130.7692,199.2308,130.0769,198.4615,129.8462,199.1538,129.8462,199.2308,129.6923,201.5385,129.6154,200.1538,129.4615,200.2308,130.4615,200.6154,
安徽,中米、次米、次白米、中白米,1895,130.9231,200.6154,131.1538,201.6923,130.7692,204.5385,131.0769,205.0000,131.2308,206.0769,131.4615,207.7692,131.2308,209.3077,131.3846,209.3077,131.1538,208.0769,130.9231,205.3077,130.6154,203.3077,130.3846,202.3846,
安徽,中米、次米、次白米、中白米,1896,130.2308,202.8462,130.4615,203.8462,130.7692,207.1538,131.6923,212.0769,132.3846,213.4615,132.4615,213.7692,132.6154,220.1538,132.6154,222.4615,131.8462,219.0000,131.2308,213.3077,131.0000,211.6154,131.1538,211.5385,
安徽,中米、次米、次白米、中白米,1897,131.0769,212.2308,131.1538,212.1538,131.6154,212.1538,132.6923,213.9231,133.3077,215.5385,133.3846,216.5385,135.0769,221.4615,136.7692,228.4615,136.6154,230.3846,135.0000,229.0769,135.6154,225.2308,136.4615,225.5385,
安徽,中米、次米、次白米、中白米,1898,138.5385,227.0000,138.6923,231.1538,140.6923,239.0769,146.5385,247.7692,155.1538,260.7692,162.6154,280.4615,167.7692,293.6923,169.5385,305.4615,168.2308,302.1538,166.1538,289.6923,163.9231,286.2308,162.6923,283.8462,
安徽,中米、次米、次白米、中白米,1899,162.3846,282.3077,167.9231,286.0000,168.4615,284.4615,168.4615,283.4615,168.3077,280.1538,168.1538,276.1538,166.3077,267.3077,163.6923,255.3077,161.0000,253.4615,158.8462,252.0000,160.1538,254.0000,162.0000,254.7692,
安徽,中米、次米、次白米、中白米,1900,162.7692,254.7692,163.6154,247.3077,163.9231,255.0769,163.6923,251.6923,163.5385,252.3846,161.2308,251.8462,161.1538,251.9231,160.4615,251.9231,160.0000,250.6923,157.8462,246.8462,156.8462,242.6923,157.3846,239.4615,
安徽,中米、次米、次白米、中白米,1901,158.2308,240.2308,154.1538,241.4615,,,157.3846,245.9231,155.9231,248.1538,154.2308,250.8462,158.3077,258.5385,160.2308,263.8462,159.3846,270.3077,157.8462,274.0000,163.2308,275.8462,166.1538,276.7692,
安徽,中米、次米、次白米、中白米,1902,166.4615,277.9231,166.6154,278.6923,,,178.5385,305.3077,180.6923,314.1538,187.7692,323.0000,197.5385,325.9231,198.4615,318.2308,193.6923,301.7692,186.0769,301.2308,187.6923,298.2308,189.0769,298.0000,
安徽,中米、次米、次白米、中白米,1903,190.3846,296.0000,190.0769,297.0769,190.0769,297.0000,189.6923,296.7692,189.0769,298.6154,189.9231,297.6923,190.4615,297.9231,190.2308,297.7692,187.0769,294.3846,179.8462,290.1538,178.0000,286.7692,177.3077,282.0000,
安徽,中米、次米、次白米、中白米,1904,177.5385,278.9231,178.2308,278.1538,177.1538,278.7692,175.6154,279.4615,179.6923,281.3846,179.7692,280.3077,179.3846,280.1538,179.0769,279.7692,,,,,,,170.9231,262.0000,
安徽,中米、次米、次白米、中白米,1905,170.3077,261.9231,170.5385,262.0000,171.2308,262.6154,170.6923,263.9231,171.8462,264.7692,173.7692,267.1538,173.8462,264.6923,171.1538,261.4615,170.3077,262.7692,162.6154,257.8462,160.6154,258.6923,159.8462,258.6154,
安徽,中米、次米、次白米、中白米,1906,162.9231,258.3077,163.1538,259.0769,164.7692,264.7692,167.6923,274.6154,174.3846,288.5385,198.6154,320.9231,225.0769,335.3846,229.2308,340.0769,229.0000,340.9231,,,,,212.5385,337.7692,
安徽,中米、次米、次白米、中白米,1907,215.4615,340.0000,219.7692,353.3846,228.0769,371.8462,235.1538,383.8462,237.5385,386.9231,235.3846,384.7692,240.0769,386.8462,242.5385,386.5385,241.0769,380.8462,235.6923,369.3077,233.2308,362.6923,234.5385,363.3846,
安徽,中米、次米、次白米、中白米,1908,234.6923,363.7692,237.6923,363.7692,238.3077,364.5385,238.2308,364.6154,238.2308,364.6154,237.8462,364.6923,237.3846,366.2308,239.0000,367.6154,238.8462,369.8462,236.6154,362.6154,236.7692,361.2308,234.6154,361.0000,
安徽,中米、次米、次白米、中白米,1909,231.2308,360.2308,227.8462,359.9231,227.4615,360.3077,226.4615,359.8462,226.9231,361.8462,227.3077,367.3077,227.7692,370.7692,236.0769,371.0769,235.4615,370.6154,233.8462,373.0769,231.5385,373.0769,230.3077,371.3846,
安徽,中米、次米、次白米、中白米,1910,230.6923,371.2308,231.7692,376.6923,234.0000,366.6154,245.3846,372.6154,263.7692,385.2308,276.6923,412.1538,289.1538,424.0000,289.8462,421.3077,264.6923,401.6154,252.8462,389.1538,248.5385,385.0000,253.0000,385.6923,
安徽,中米、次米、次白米、中白米,1911,262.3077,387.6923,265.7692,392.6923,272.3846,398.5385,274.3846,410.7692,279.6154,422.6154,281.4615,423.5385,